{
	"variables": [],
	"info": {
		"name": "weather api",
		"_postman_id": "fc41a56f-3c85-e73f-8ffd-f52cde1b4eaa",
		"description": "",
		"schema": "https://schema.getpostman.com/json/collection/v2.0.0/collection.json"
	},
	"item": [
		{
			"name": "weather for coordinates",
			"request": {
				"url": {
					"raw": "api.openweathermap.org/data/2.5/weather?lat=50.4&lon=30.5&appid=154e6c0bfc5326aae817c723304e7434&units=metric",
					"host": [
						"api",
						"openweathermap",
						"org"
					],
					"path": [
						"data",
						"2.5",
						"weather"
					],
					"query": [
						{
							"key": "lat",
							"value": "50.4"
						},
						{
							"key": "lon",
							"value": "30.5"
						},
						{
							"key": "appid",
							"value": "154e6c0bfc5326aae817c723304e7434"
						},
						{
							"key": "units",
							"value": "metric"
						}
					],
					"variable": []
				},
				"method": "GET",
				"header": [],
				"body": {
					"mode": "raw",
					"raw": ""
				},
				"description": ""
			},
			"response": []
		},
		{
			"name": "map example",
			"request": {
				"url": "https://d.basemaps.cartocdn.com/dark_all/5/17/10@2x.png",
				"method": "GET",
				"header": [],
				"body": {
					"mode": "raw",
					"raw": ""
				},
				"description": ""
			},
			"response": []
		},
		{
			"name": "weather by city name",
			"request": {
				"url": {
					"raw": "api.openweathermap.org/data/2.5/weather?q=lviv&appid=154e6c0bfc5326aae817c723304e7434&units=metric",
					"host": [
						"api",
						"openweathermap",
						"org"
					],
					"path": [
						"data",
						"2.5",
						"weather"
					],
					"query": [
						{
							"key": "q",
							"value": "lviv",
							"equals": true,
							"description": ""
						},
						{
							"key": "appid",
							"value": "154e6c0bfc5326aae817c723304e7434",
							"equals": true,
							"description": ""
						},
						{
							"key": "units",
							"value": "metric",
							"equals": true,
							"description": ""
						}
					],
					"variable": []
				},
				"method": "GET",
				"header": [],
				"body": {},
				"description": ""
			},
			"response": []
		},
		{
			"name": "weather hourly for severals days by city name",
			"request": {
				"url": {
					"raw": "api.openweathermap.org/data/2.5/forecast?q=lviv&appid=154e6c0bfc5326aae817c723304e7434&units=metric",
					"host": [
						"api",
						"openweathermap",
						"org"
					],
					"path": [
						"data",
						"2.5",
						"forecast"
					],
					"query": [
						{
							"key": "q",
							"value": "lviv",
							"equals": true,
							"description": ""
						},
						{
							"key": "appid",
							"value": "154e6c0bfc5326aae817c723304e7434",
							"equals": true,
							"description": ""
						},
						{
							"key": "units",
							"value": "metric",
							"equals": true,
							"description": ""
						}
					],
					"variable": []
				},
				"method": "GET",
				"header": [],
				"body": {},
				"description": ""
			},
			"response": []
		}
	]
}